"'DROPTABLE"'||TABLE_NAME||'"CASCADECONSTRAINTS;'"
"DROP TABLE ""ICOL$"" CASCADE CONSTRAINTS;"
"DROP TABLE ""IND$"" CASCADE CONSTRAINTS;"
"DROP TABLE ""COL$"" CASCADE CONSTRAINTS;"
"DROP TABLE ""CLU$"" CASCADE CONSTRAINTS;"
"DROP TABLE ""TAB$"" CASCADE CONSTRAINTS;"
"DROP TABLE ""LOB$"" CASCADE CONSTRAINTS;"
"DROP TABLE ""COLTYPE$"" CASCADE CONSTRAINTS;"
"DROP TABLE ""SUBCOLTYPE$"" CASCADE CONSTRAINTS;"
"DROP TABLE ""NTAB$"" CASCADE CONSTRAINTS;"
"DROP TABLE ""REFCON$"" CASCADE CONSTRAINTS;"
"DROP TABLE ""OPQTYPE$"" CASCADE CONSTRAINTS;"
"DROP TABLE ""ICOLDEP$"" CASCADE CONSTRAINTS;"
"DROP TABLE ""VIEWTRCOL$"" CASCADE CONSTRAINTS;"
"DROP TABLE ""LIBRARY$"" CASCADE CONSTRAINTS;"
"DROP TABLE ""ASSEMBLY$"" CASCADE CONSTRAINTS;"
"DROP TABLE ""ATTRCOL$"" CASCADE CONSTRAINTS;"
"DROP TABLE ""TYPE_MISC$"" CASCADE CONSTRAINTS;"
"DROP TABLE ""TS$"" CASCADE CONSTRAINTS;"
"DROP TABLE ""FET$"" CASCADE CONSTRAINTS;"
"DROP TABLE ""UET$"" CASCADE CONSTRAINTS;"
"DROP TABLE ""SEG$"" CASCADE CONSTRAINTS;"
"DROP TABLE ""USER$"" CASCADE CONSTRAINTS;"
"DROP TABLE ""TSQ$"" CASCADE CONSTRAINTS;"
"DROP TABLE ""UNDO$"" CASCADE CONSTRAINTS;"
"DROP TABLE ""FILE$"" CASCADE CONSTRAINTS;"
"DROP TABLE ""OBJ$"" CASCADE CONSTRAINTS;"
"DROP TABLE ""PROXY_DATA$"" CASCADE CONSTRAINTS;"
"DROP TABLE ""PROXY_ROLE_DATA$"" CASCADE CONSTRAINTS;"
"DROP TABLE ""CON$"" CASCADE CONSTRAINTS;"
"DROP TABLE ""CCOL$"" CASCADE CONSTRAINTS;"
"DROP TABLE ""CDEF$"" CASCADE CONSTRAINTS;"
"DROP TABLE ""BOOTSTRAP$"" CASCADE CONSTRAINTS;"
"DROP TABLE ""OBJERROR$"" CASCADE CONSTRAINTS;"
"DROP TABLE ""OBJAUTH$"" CASCADE CONSTRAINTS;"
"DROP TABLE ""UGROUP$"" CASCADE CONSTRAINTS;"
"DROP TABLE ""SYN$"" CASCADE CONSTRAINTS;"
"DROP TABLE ""VIEW$"" CASCADE CONSTRAINTS;"
"DROP TABLE ""TYPED_VIEW$"" CASCADE CONSTRAINTS;"
"DROP TABLE ""SUPEROBJ$"" CASCADE CONSTRAINTS;"
"DROP TABLE ""SEQ$"" CASCADE CONSTRAINTS;"
"DROP TABLE ""PROPS$"" CASCADE CONSTRAINTS;"
"DROP TABLE ""EDITION$"" CASCADE CONSTRAINTS;"
"DROP TABLE ""FIXED_OBJ$"" CASCADE CONSTRAINTS;"
"DROP TABLE ""MIGRATE$"" CASCADE CONSTRAINTS;"
"DROP TABLE ""DEPENDENCY$"" CASCADE CONSTRAINTS;"
"DROP TABLE ""ACCESS$"" CASCADE CONSTRAINTS;"
"DROP TABLE ""VIEWCON$"" CASCADE CONSTRAINTS;"
"DROP TABLE ""DUAL"" CASCADE CONSTRAINTS;"
"DROP TABLE ""SYSAUTH$"" CASCADE CONSTRAINTS;"
"DROP TABLE ""OBJPRIV$"" CASCADE CONSTRAINTS;"
"DROP TABLE ""DEFROLE$"" CASCADE CONSTRAINTS;"
"DROP TABLE ""ECOL$"" CASCADE CONSTRAINTS;"
"DROP TABLE ""EV$"" CASCADE CONSTRAINTS;"
"DROP TABLE ""EVCOL$"" CASCADE CONSTRAINTS;"
"DROP TABLE ""DEFERRED_STG$"" CASCADE CONSTRAINTS;"
"DROP TABLE ""LINK$"" CASCADE CONSTRAINTS;"
"DROP TABLE ""TRUSTED_LIST$"" CASCADE CONSTRAINTS;"
"DROP TABLE ""COM$"" CASCADE CONSTRAINTS;"
"DROP TABLE ""DUC$"" CASCADE CONSTRAINTS;"
"DROP TABLE ""RECYCLEBIN$"" CASCADE CONSTRAINTS;"
"DROP TABLE ""IND_ONLINE$"" CASCADE CONSTRAINTS;"
"DROP TABLE ""CONTEXT$"" CASCADE CONSTRAINTS;"
"DROP TABLE ""SQL_VERSION$"" CASCADE CONSTRAINTS;"
"DROP TABLE ""JIJOIN$"" CASCADE CONSTRAINTS;"
"DROP TABLE ""JIREFRESHSQL$"" CASCADE CONSTRAINTS;"
"DROP TABLE ""TRIGGER$"" CASCADE CONSTRAINTS;"
"DROP TABLE ""TRIGGERCOL$"" CASCADE CONSTRAINTS;"
"DROP TABLE ""TRIGGERJAVAF$"" CASCADE CONSTRAINTS;"
"DROP TABLE ""TRIGGERJAVAS$"" CASCADE CONSTRAINTS;"
"DROP TABLE ""TRIGGERJAVAC$"" CASCADE CONSTRAINTS;"
"DROP TABLE ""TRIGGERJAVAM$"" CASCADE CONSTRAINTS;"
"DROP TABLE ""TRIGGERDEP$"" CASCADE CONSTRAINTS;"
"DROP TABLE ""INDREBUILD$"" CASCADE CONSTRAINTS;"
"DROP TABLE ""COMPRESSION$"" CASCADE CONSTRAINTS;"
"DROP TABLE ""TRANSIENT_IOT$"" CASCADE CONSTRAINTS;"
"DROP TABLE ""SMB$CONFIG"" CASCADE CONSTRAINTS;"
"DROP TABLE ""SQL$"" CASCADE CONSTRAINTS;"
"DROP TABLE ""SQL$TEXT"" CASCADE CONSTRAINTS;"
"DROP TABLE ""SQLOBJ$AUXDATA"" CASCADE CONSTRAINTS;"
"DROP TABLE ""OBJECT_USAGE"" CASCADE CONSTRAINTS;"
"DROP TABLE ""PROCEDURE$"" CASCADE CONSTRAINTS;"
"DROP TABLE ""PROCEDUREINFO$"" CASCADE CONSTRAINTS;"
"DROP TABLE ""ARGUMENT$"" CASCADE CONSTRAINTS;"
"DROP TABLE ""SOURCE$"" CASCADE CONSTRAINTS;"
"DROP TABLE ""IDL_UB1$"" CASCADE CONSTRAINTS;"
"DROP TABLE ""IDL_CHAR$"" CASCADE CONSTRAINTS;"
"DROP TABLE ""IDL_UB2$"" CASCADE CONSTRAINTS;"
"DROP TABLE ""IDL_SB4$"" CASCADE CONSTRAINTS;"
"DROP TABLE ""ERROR$"" CASCADE CONSTRAINTS;"
"DROP TABLE ""SETTINGS$"" CASCADE CONSTRAINTS;"
"DROP TABLE ""NCOMP_DLL$"" CASCADE CONSTRAINTS;"
"DROP TABLE ""PROCEDUREJAVA$"" CASCADE CONSTRAINTS;"
"DROP TABLE ""PROCEDUREC$"" CASCADE CONSTRAINTS;"
"DROP TABLE ""PROCEDUREPLSQL$"" CASCADE CONSTRAINTS;"
"DROP TABLE ""WARNING_SETTINGS$"" CASCADE CONSTRAINTS;"
"DROP TABLE ""DIANA_VERSION$"" CASCADE CONSTRAINTS;"
"DROP TABLE ""PLSCOPE_IDENTIFIER$"" CASCADE CONSTRAINTS;"
"DROP TABLE ""PLSCOPE_ACTION$"" CASCADE CONSTRAINTS;"
"DROP TABLE ""PENDING_TRANS$"" CASCADE CONSTRAINTS;"
"DROP TABLE ""PENDING_SESSIONS$"" CASCADE CONSTRAINTS;"
"DROP TABLE ""PENDING_SUB_SESSIONS$"" CASCADE CONSTRAINTS;"
"DROP TABLE ""SMON_SCN_TIME"" CASCADE CONSTRAINTS;"
"DROP TABLE ""MAP_FILE$"" CASCADE CONSTRAINTS;"
"DROP TABLE ""MAP_FILE_EXTENT$"" CASCADE CONSTRAINTS;"
"DROP TABLE ""MAP_SUBELEMENT$"" CASCADE CONSTRAINTS;"
"DROP TABLE ""MAP_ELEMENT$"" CASCADE CONSTRAINTS;"
"DROP TABLE ""MAP_EXTELEMENT$"" CASCADE CONSTRAINTS;"
"DROP TABLE ""MAP_COMPLIST$"" CASCADE CONSTRAINTS;"
"DROP TABLE ""PROFILE$"" CASCADE CONSTRAINTS;"
"DROP TABLE ""PROFNAME$"" CASCADE CONSTRAINTS;"
"DROP TABLE ""RESOURCE_COST$"" CASCADE CONSTRAINTS;"
"DROP TABLE ""JOB$"" CASCADE CONSTRAINTS;"
"DROP TABLE ""RESOURCE_MAP"" CASCADE CONSTRAINTS;"
"DROP TABLE ""USER_ASTATUS_MAP"" CASCADE CONSTRAINTS;"
"DROP TABLE ""RESOURCE_PLAN$"" CASCADE CONSTRAINTS;"
"DROP TABLE ""RESOURCE_CONSUMER_GROUP$"" CASCADE CONSTRAINTS;"
"DROP TABLE ""RESOURCE_CATEGORY$"" CASCADE CONSTRAINTS;"
"DROP TABLE ""RESOURCE_PLAN_DIRECTIVE$"" CASCADE CONSTRAINTS;"
"DROP TABLE ""RESOURCE_GROUP_MAPPING$"" CASCADE CONSTRAINTS;"
"DROP TABLE ""RESOURCE_MAPPING_PRIORITY$"" CASCADE CONSTRAINTS;"
"DROP TABLE ""RESOURCE_STORAGE_POOL_MAPPING$"" CASCADE CONSTRAINTS;"
"DROP TABLE ""RESOURCE_CAPABILITY$"" CASCADE CONSTRAINTS;"
"DROP TABLE ""RESOURCE_INSTANCE_CAPABILITY$"" CASCADE CONSTRAINTS;"
"DROP TABLE ""RESOURCE_IO_CALIBRATE$"" CASCADE CONSTRAINTS;"
"DROP TABLE ""TSM_SRC$"" CASCADE CONSTRAINTS;"
"DROP TABLE ""TSM_DST$"" CASCADE CONSTRAINTS;"
"DROP TABLE ""SERVICE$"" CASCADE CONSTRAINTS;"
"DROP TABLE ""DIR$MIGRATE_OPERATIONS"" CASCADE CONSTRAINTS;"
"DROP TABLE ""DIR$SERVICE_OPERATIONS"" CASCADE CONSTRAINTS;"
"DROP TABLE ""DIR$ESCALATE_OPERATIONS"" CASCADE CONSTRAINTS;"
"DROP TABLE ""DIR$QUIESCE_OPERATIONS"" CASCADE CONSTRAINTS;"
"DROP TABLE ""DIR$INSTANCE_ACTIONS"" CASCADE CONSTRAINTS;"
"DROP TABLE ""DIR$RESONATE_OPERATIONS"" CASCADE CONSTRAINTS;"
"DROP TABLE ""DIR$ALERT_HISTORY"" CASCADE CONSTRAINTS;"
"DROP TABLE ""DIR$REASON_STRINGS"" CASCADE CONSTRAINTS;"
"DROP TABLE ""DIR$DATABASE_ATTRIBUTES"" CASCADE CONSTRAINTS;"
"DROP TABLE ""DIR$VICTIM_POLICY"" CASCADE CONSTRAINTS;"
"DROP TABLE ""DIR$NODE_ATTRIBUTES"" CASCADE CONSTRAINTS;"
"DROP TABLE ""DIR$SERVICE_ATTRIBUTES"" CASCADE CONSTRAINTS;"
"DROP TABLE ""_default_auditing_options_"" CASCADE CONSTRAINTS;"
"DROP TABLE ""AUDIT$"" CASCADE CONSTRAINTS;"
"DROP TABLE ""SYSTEM_PRIVILEGE_MAP"" CASCADE CONSTRAINTS;"
"DROP TABLE ""TABLE_PRIVILEGE_MAP"" CASCADE CONSTRAINTS;"
"DROP TABLE ""STMT_AUDIT_OPTION_MAP"" CASCADE CONSTRAINTS;"
"DROP TABLE ""USER_HISTORY$"" CASCADE CONSTRAINTS;"
"DROP TABLE ""RLS$"" CASCADE CONSTRAINTS;"
"DROP TABLE ""RLS_SC$"" CASCADE CONSTRAINTS;"
"DROP TABLE ""RLS_GRP$"" CASCADE CONSTRAINTS;"
"DROP TABLE ""RLS_CTX$"" CASCADE CONSTRAINTS;"
"DROP TABLE ""AUD$"" CASCADE CONSTRAINTS;"
"DROP TABLE ""FGA$"" CASCADE CONSTRAINTS;"
"DROP TABLE ""FGACOL$"" CASCADE CONSTRAINTS;"
"DROP TABLE ""FGA_LOG$"" CASCADE CONSTRAINTS;"
"DROP TABLE ""APPROLE$"" CASCADE CONSTRAINTS;"
"DROP TABLE ""ENC$"" CASCADE CONSTRAINTS;"
"DROP TABLE ""PROXY_INFO$"" CASCADE CONSTRAINTS;"
"DROP TABLE ""PROXY_ROLE_INFO$"" CASCADE CONSTRAINTS;"
"DROP TABLE ""XS$VERIFIERS"" CASCADE CONSTRAINTS;"
"DROP TABLE ""XS$SESSIONS"" CASCADE CONSTRAINTS;"
"DROP TABLE ""XS$SESSION_ROLES"" CASCADE CONSTRAINTS;"
"DROP TABLE ""XS$SESSION_APPNS"" CASCADE CONSTRAINTS;"
"DROP TABLE ""XS$PARAMETERS"" CASCADE CONSTRAINTS;"
"DROP TABLE ""DEFAULT_PWD$"" CASCADE CONSTRAINTS;"
"DROP TABLE ""HISTGRM$"" CASCADE CONSTRAINTS;"
"DROP TABLE ""HIST_HEAD$"" CASCADE CONSTRAINTS;"
"DROP TABLE ""AUX_STATS$"" CASCADE CONSTRAINTS;"
"DROP TABLE ""TAB_STATS$"" CASCADE CONSTRAINTS;"
"DROP TABLE ""IND_STATS$"" CASCADE CONSTRAINTS;"
"DROP TABLE ""CACHE_STATS_1$"" CASCADE CONSTRAINTS;"
"DROP TABLE ""CACHE_STATS_0$"" CASCADE CONSTRAINTS;"
"DROP TABLE ""ASSOCIATION$"" CASCADE CONSTRAINTS;"
"DROP TABLE ""USTATS$"" CASCADE CONSTRAINTS;"
"DROP TABLE ""STATS_TARGET$"" CASCADE CONSTRAINTS;"
"DROP TABLE ""COL_USAGE$"" CASCADE CONSTRAINTS;"
"DROP TABLE ""MON_MODS$"" CASCADE CONSTRAINTS;"
"DROP TABLE ""MON_MODS_ALL$"" CASCADE CONSTRAINTS;"
"DROP TABLE ""WRI$_OPTSTAT_TAB_HISTORY"" CASCADE CONSTRAINTS;"
"DROP TABLE ""WRI$_OPTSTAT_IND_HISTORY"" CASCADE CONSTRAINTS;"
"DROP TABLE ""WRI$_OPTSTAT_HISTHEAD_HISTORY"" CASCADE CONSTRAINTS;"
"DROP TABLE ""WRI$_OPTSTAT_HISTGRM_HISTORY"" CASCADE CONSTRAINTS;"
"DROP TABLE ""WRI$_OPTSTAT_AUX_HISTORY"" CASCADE CONSTRAINTS;"
"DROP TABLE ""WRI$_OPTSTAT_OPR"" CASCADE CONSTRAINTS;"
"DROP TABLE ""OPTSTAT_HIST_CONTROL$"" CASCADE CONSTRAINTS;"
"DROP TABLE ""OPTSTAT_USER_PREFS$"" CASCADE CONSTRAINTS;"
"DROP TABLE ""WRI$_OPTSTAT_SYNOPSIS_PARTGRP"" CASCADE CONSTRAINTS;"
"DROP TABLE ""WRI$_OPTSTAT_SYNOPSIS_HEAD$"" CASCADE CONSTRAINTS;"
"DROP TABLE ""WRI$_OPTSTAT_SYNOPSIS$"" CASCADE CONSTRAINTS;"
"DROP TABLE ""DIR$"" CASCADE CONSTRAINTS;"
"DROP TABLE ""ID_GENS$"" CASCADE CONSTRAINTS;"
"DROP TABLE ""OID$"" CASCADE CONSTRAINTS;"
"DROP TABLE ""TYPE$"" CASCADE CONSTRAINTS;"
"DROP TABLE ""COLLECTION$"" CASCADE CONSTRAINTS;"
"DROP TABLE ""ATTRIBUTE$"" CASCADE CONSTRAINTS;"
"DROP TABLE ""METHOD$"" CASCADE CONSTRAINTS;"
"DROP TABLE ""PARAMETER$"" CASCADE CONSTRAINTS;"
"DROP TABLE ""RESULT$"" CASCADE CONSTRAINTS;"
"DROP TABLE ""TYPEHIERARCHY$"" CASCADE CONSTRAINTS;"
"DROP TABLE ""KOPM$"" CASCADE CONSTRAINTS;"
"DROP TABLE ""VTABLE$"" CASCADE CONSTRAINTS;"
"DROP TABLE ""OPBINDING$"" CASCADE CONSTRAINTS;"
"DROP TABLE ""OPANCILLARY$"" CASCADE CONSTRAINTS;"
"DROP TABLE ""OPARG$"" CASCADE CONSTRAINTS;"
"DROP TABLE ""OPERATOR$"" CASCADE CONSTRAINTS;"
"DROP TABLE ""INDTYPES$"" CASCADE CONSTRAINTS;"
"DROP TABLE ""INDOP$"" CASCADE CONSTRAINTS;"
"DROP TABLE ""INDARRAYTYPE$"" CASCADE CONSTRAINTS;"
"DROP TABLE ""SECOBJ$"" CASCADE CONSTRAINTS;"
"DROP TABLE ""JAVAOBJ$"" CASCADE CONSTRAINTS;"
"DROP TABLE ""JAVASNM$"" CASCADE CONSTRAINTS;"
"DROP TABLE ""PARTOBJ$"" CASCADE CONSTRAINTS;"
"DROP TABLE ""PARTCOL$"" CASCADE CONSTRAINTS;"
"DROP TABLE ""TABPART$"" CASCADE CONSTRAINTS;"
"DROP TABLE ""INDPART$"" CASCADE CONSTRAINTS;"
"DROP TABLE ""SUBPARTCOL$"" CASCADE CONSTRAINTS;"
"DROP TABLE ""TABSUBPART$"" CASCADE CONSTRAINTS;"
"DROP TABLE ""INDSUBPART$"" CASCADE CONSTRAINTS;"
"DROP TABLE ""TABCOMPART$"" CASCADE CONSTRAINTS;"
"DROP TABLE ""INDCOMPART$"" CASCADE CONSTRAINTS;"
"DROP TABLE ""PARTLOB$"" CASCADE CONSTRAINTS;"
"DROP TABLE ""LOBFRAG$"" CASCADE CONSTRAINTS;"
"DROP TABLE ""LOBCOMPPART$"" CASCADE CONSTRAINTS;"
"DROP TABLE ""DEFSUBPART$"" CASCADE CONSTRAINTS;"
"DROP TABLE ""DEFSUBPARTLOB$"" CASCADE CONSTRAINTS;"
"DROP TABLE ""INDPART_PARAM$"" CASCADE CONSTRAINTS;"
"DROP TABLE ""INSERT_TSN_LIST$"" CASCADE CONSTRAINTS;"
"DROP TABLE ""SUMPARTLOG$"" CASCADE CONSTRAINTS;"
"DROP TABLE ""SUMDELTA$"" CASCADE CONSTRAINTS;"
"DROP TABLE ""SNAP_LOGDEP$"" CASCADE CONSTRAINTS;"
"DROP TABLE ""SNAP_LOADERTIME$"" CASCADE CONSTRAINTS;"
"DROP TABLE ""MLOG$"" CASCADE CONSTRAINTS;"
"DROP TABLE ""SLOG$"" CASCADE CONSTRAINTS;"
"DROP TABLE ""SNAP_XCMT$"" CASCADE CONSTRAINTS;"
"DROP TABLE ""SNAP$"" CASCADE CONSTRAINTS;"
"DROP TABLE ""SNAP_REFTIME$"" CASCADE CONSTRAINTS;"
"DROP TABLE ""MLOG_REFCOL$"" CASCADE CONSTRAINTS;"
"DROP TABLE ""SNAP_REFOP$"" CASCADE CONSTRAINTS;"
"DROP TABLE ""SNAP_COLMAP$"" CASCADE CONSTRAINTS;"
"DROP TABLE ""SNAP_OBJCOL$"" CASCADE CONSTRAINTS;"
"DROP TABLE ""REG_SNAP$"" CASCADE CONSTRAINTS;"
"DROP TABLE ""SNAP_SITE$"" CASCADE CONSTRAINTS;"
"DROP TABLE ""RGROUP$"" CASCADE CONSTRAINTS;"
"DROP TABLE ""RGCHILD$"" CASCADE CONSTRAINTS;"
"DROP TABLE ""CDC_SYSTEM$"" CASCADE CONSTRAINTS;"
"DROP TABLE ""CDC_CHANGE_SOURCES$"" CASCADE CONSTRAINTS;"
"DROP TABLE ""CDC_CHANGE_SETS$"" CASCADE CONSTRAINTS;"
"DROP TABLE ""CDC_CHANGE_TABLES$"" CASCADE CONSTRAINTS;"
"DROP TABLE ""CDC_SUBSCRIBERS$"" CASCADE CONSTRAINTS;"
"DROP TABLE ""CDC_SUBSCRIBED_TABLES$"" CASCADE CONSTRAINTS;"
"DROP TABLE ""CDC_SUBSCRIBED_COLUMNS$"" CASCADE CONSTRAINTS;"
"DROP TABLE ""CDC_CHANGE_COLUMNS$"" CASCADE CONSTRAINTS;"
"DROP TABLE ""CDC_PROPAGATIONS$"" CASCADE CONSTRAINTS;"
"DROP TABLE ""CDC_PROPAGATED_SETS$"" CASCADE CONSTRAINTS;"
"DROP TABLE ""STREAMS$_SPLIT_MERGE"" CASCADE CONSTRAINTS;"
"DROP TABLE ""STREAMS$_CAPTURE_SERVER"" CASCADE CONSTRAINTS;"
"DROP TABLE ""STREAMS$_CAPTURE_PROCESS"" CASCADE CONSTRAINTS;"
"DROP TABLE ""STREAMS$_APPLY_PROCESS"" CASCADE CONSTRAINTS;"
"DROP TABLE ""STREAMS$_PROPAGATION_PROCESS"" CASCADE CONSTRAINTS;"
"DROP TABLE ""STREAMS$_PROCESS_PARAMS"" CASCADE CONSTRAINTS;"
"DROP TABLE ""STREAMS$_EXTRA_ATTRS"" CASCADE CONSTRAINTS;"
"DROP TABLE ""STREAMS$_PREPARE_OBJECT"" CASCADE CONSTRAINTS;"
"DROP TABLE ""STREAMS$_PREPARE_DDL"" CASCADE CONSTRAINTS;"
"DROP TABLE ""STREAMS$_APPLY_MILESTONE"" CASCADE CONSTRAINTS;"
"DROP TABLE ""STREAMS$_APPLY_PROGRESS"" CASCADE CONSTRAINTS;"
"DROP TABLE ""STREAMS$_KEY_COLUMNS"" CASCADE CONSTRAINTS;"
"DROP TABLE ""STREAMS$_DEF_PROC"" CASCADE CONSTRAINTS;"
"DROP TABLE ""STREAMS$_RULES"" CASCADE CONSTRAINTS;"
"DROP TABLE ""APPLY$_SOURCE_OBJ"" CASCADE CONSTRAINTS;"
"DROP TABLE ""APPLY$_SOURCE_SCHEMA"" CASCADE CONSTRAINTS;"
"DROP TABLE ""APPLY$_VIRTUAL_OBJ_CONS"" CASCADE CONSTRAINTS;"
"DROP TABLE ""APPLY$_CONSTRAINT_COLUMNS"" CASCADE CONSTRAINTS;"
"DROP TABLE ""APPLY$_DEST_OBJ"" CASCADE CONSTRAINTS;"
"DROP TABLE ""APPLY$_DEST_OBJ_CMAP"" CASCADE CONSTRAINTS;"
"DROP TABLE ""APPLY$_DEST_OBJ_OPS"" CASCADE CONSTRAINTS;"
"DROP TABLE ""STREAMS$_STMT_HANDLERS"" CASCADE CONSTRAINTS;"
"DROP TABLE ""STREAMS$_STMT_HANDLER_STMTS"" CASCADE CONSTRAINTS;"
"DROP TABLE ""APPLY$_CHANGE_HANDLERS"" CASCADE CONSTRAINTS;"
"DROP TABLE ""APPLY$_ERROR"" CASCADE CONSTRAINTS;"
"DROP TABLE ""APPLY$_ERROR_TXN"" CASCADE CONSTRAINTS;"
"DROP TABLE ""APPLY$_ERROR_HANDLER"" CASCADE CONSTRAINTS;"
"DROP TABLE ""APPLY$_CONF_HDLR_COLUMNS"" CASCADE CONSTRAINTS;"
"DROP TABLE ""STREAMS$_DEST_OBJS"" CASCADE CONSTRAINTS;"
"DROP TABLE ""STREAMS$_DEST_OBJ_COLS"" CASCADE CONSTRAINTS;"
"DROP TABLE ""STREAMS$_PRIVILEGED_USER"" CASCADE CONSTRAINTS;"
"DROP TABLE ""STREAMS$_MESSAGE_RULES"" CASCADE CONSTRAINTS;"
"DROP TABLE ""STREAMS$_MESSAGE_CONSUMERS"" CASCADE CONSTRAINTS;"
"DROP TABLE ""STREAMS$_APPLY_SPILL_TXN"" CASCADE CONSTRAINTS;"
"DROP TABLE ""STREAMS$_APPLY_SPILL_TXN_LIST"" CASCADE CONSTRAINTS;"
"DROP TABLE ""FGR$_FILE_GROUPS"" CASCADE CONSTRAINTS;"
"DROP TABLE ""FGR$_FILE_GROUP_VERSIONS"" CASCADE CONSTRAINTS;"
"DROP TABLE ""FGR$_FILE_GROUP_EXPORT_INFO"" CASCADE CONSTRAINTS;"
"DROP TABLE ""FGR$_FILE_GROUP_FILES"" CASCADE CONSTRAINTS;"
"DROP TABLE ""FGR$_TABLESPACE_INFO"" CASCADE CONSTRAINTS;"
"DROP TABLE ""FGR$_TABLE_INFO"" CASCADE CONSTRAINTS;"
"DROP TABLE ""REDEF$"" CASCADE CONSTRAINTS;"
"DROP TABLE ""REDEF_OBJECT$"" CASCADE CONSTRAINTS;"
"DROP TABLE ""REDEF_DEP_ERROR$"" CASCADE CONSTRAINTS;"
"DROP TABLE ""RULESET$"" CASCADE CONSTRAINTS;"
"DROP TABLE ""LOG$"" CASCADE CONSTRAINTS;"
"DROP TABLE ""RECO_SCRIPT$"" CASCADE CONSTRAINTS;"
"DROP TABLE ""RECO_SCRIPT_PARAMS$"" CASCADE CONSTRAINTS;"
"DROP TABLE ""RECO_SCRIPT_BLOCK$"" CASCADE CONSTRAINTS;"
"DROP TABLE ""RECO_SCRIPT_ERROR$"" CASCADE CONSTRAINTS;"
"DROP TABLE ""COMPARISON$"" CASCADE CONSTRAINTS;"
"DROP TABLE ""COMPARISON_COL$"" CASCADE CONSTRAINTS;"
"DROP TABLE ""COMPARISON_SCAN$"" CASCADE CONSTRAINTS;"
"DROP TABLE ""COMPARISON_SCAN_VAL$"" CASCADE CONSTRAINTS;"
"DROP TABLE ""COMPARISON_ROW_DIF$"" CASCADE CONSTRAINTS;"
"DROP TABLE ""STREAMS$_COMPONENT"" CASCADE CONSTRAINTS;"
"DROP TABLE ""STREAMS$_COMPONENT_LINK"" CASCADE CONSTRAINTS;"
"DROP TABLE ""STREAMS$_COMPONENT_PROP"" CASCADE CONSTRAINTS;"
"DROP TABLE ""STREAMS$_DATABASE"" CASCADE CONSTRAINTS;"
"DROP TABLE ""XSTREAM$_SERVER"" CASCADE CONSTRAINTS;"
"DROP TABLE ""XSTREAM$_SUBSET_RULES"" CASCADE CONSTRAINTS;"
"DROP TABLE ""XSTREAM$_SYSGEN_OBJS"" CASCADE CONSTRAINTS;"
"DROP TABLE ""AW$"" CASCADE CONSTRAINTS;"
"DROP TABLE ""PS$"" CASCADE CONSTRAINTS;"
"DROP TABLE ""AW_OBJ$"" CASCADE CONSTRAINTS;"
"DROP TABLE ""AW_PROP$"" CASCADE CONSTRAINTS;"
"DROP TABLE ""AW_TRACK$"" CASCADE CONSTRAINTS;"
"DROP TABLE ""AW_PRG$"" CASCADE CONSTRAINTS;"
"DROP TABLE ""OLAP_MAPPINGS$"" CASCADE CONSTRAINTS;"
"DROP TABLE ""OLAP_MODELS$"" CASCADE CONSTRAINTS;"
"DROP TABLE ""OLAP_MODEL_PARENTS$"" CASCADE CONSTRAINTS;"
"DROP TABLE ""OLAP_MODEL_ASSIGNMENTS$"" CASCADE CONSTRAINTS;"
"DROP TABLE ""OLAP_CALCULATED_MEMBERS$"" CASCADE CONSTRAINTS;"
"DROP TABLE ""OLAP_SYNTAX$"" CASCADE CONSTRAINTS;"
"DROP TABLE ""OLAP_DESCRIPTIONS$"" CASCADE CONSTRAINTS;"
"DROP TABLE ""OLAP_CUBE_BUILD_PROCESSES$"" CASCADE CONSTRAINTS;"
"DROP TABLE ""OLAP_AW_VIEWS$"" CASCADE CONSTRAINTS;"
"DROP TABLE ""OLAP_AW_VIEW_COLUMNS$"" CASCADE CONSTRAINTS;"
"DROP TABLE ""OLAP_MEASURE_FOLDERS$"" CASCADE CONSTRAINTS;"
"DROP TABLE ""OLAP_MEAS_FOLDER_CONTENTS$"" CASCADE CONSTRAINTS;"
"DROP TABLE ""OLAP_AW_DEPLOYMENT_CONTROLS$"" CASCADE CONSTRAINTS;"
"DROP TABLE ""OLAP_IMPL_OPTIONS$"" CASCADE CONSTRAINTS;"
"DROP TABLE ""OLAP_MULTI_OPTIONS$"" CASCADE CONSTRAINTS;"
"DROP TABLE ""OLAP_CUBE_DIMENSIONS$"" CASCADE CONSTRAINTS;"
"DROP TABLE ""OLAP_DIM_LEVELS$"" CASCADE CONSTRAINTS;"
"DROP TABLE ""OLAP_ATTRIBUTES$"" CASCADE CONSTRAINTS;"
"DROP TABLE ""OLAP_ATTRIBUTE_VISIBILITY$"" CASCADE CONSTRAINTS;"
"DROP TABLE ""OLAP_HIERARCHIES$"" CASCADE CONSTRAINTS;"
"DROP TABLE ""OLAP_HIER_LEVELS$"" CASCADE CONSTRAINTS;"
"DROP TABLE ""OLAP_CUBES$"" CASCADE CONSTRAINTS;"
"DROP TABLE ""OLAP_MEASURES$"" CASCADE CONSTRAINTS;"
"DROP TABLE ""OLAP_DIMENSIONALITY$"" CASCADE CONSTRAINTS;"
"DROP TABLE ""OLAP_TAB$"" CASCADE CONSTRAINTS;"
"DROP TABLE ""OLAP_TAB_COL$"" CASCADE CONSTRAINTS;"
"DROP TABLE ""OLAP_TAB_HIER$"" CASCADE CONSTRAINTS;"
"DROP TABLE ""SUM$"" CASCADE CONSTRAINTS;"
"DROP TABLE ""SUMDETAIL$"" CASCADE CONSTRAINTS;"
"DROP TABLE ""SUMINLINE$"" CASCADE CONSTRAINTS;"
"DROP TABLE ""SUMKEY$"" CASCADE CONSTRAINTS;"
"DROP TABLE ""SUMAGG$"" CASCADE CONSTRAINTS;"
"DROP TABLE ""SUMJOIN$"" CASCADE CONSTRAINTS;"
"DROP TABLE ""SUMDEP$"" CASCADE CONSTRAINTS;"
"DROP TABLE ""SUMPRED$"" CASCADE CONSTRAINTS;"
"DROP TABLE ""SUMQB$"" CASCADE CONSTRAINTS;"
"DROP TABLE ""HIER$"" CASCADE CONSTRAINTS;"
"DROP TABLE ""HIERLEVEL$"" CASCADE CONSTRAINTS;"
"DROP TABLE ""DIM$"" CASCADE CONSTRAINTS;"
"DROP TABLE ""DIMLEVEL$"" CASCADE CONSTRAINTS;"
"DROP TABLE ""DIMLEVELKEY$"" CASCADE CONSTRAINTS;"
"DROP TABLE ""DIMJOINKEY$"" CASCADE CONSTRAINTS;"
"DROP TABLE ""DIMATTR$"" CASCADE CONSTRAINTS;"
"DROP TABLE ""INCEXP"" CASCADE CONSTRAINTS;"
"DROP TABLE ""INCVID"" CASCADE CONSTRAINTS;"
"DROP TABLE ""INCFIL"" CASCADE CONSTRAINTS;"
"DROP TABLE ""EXPACT$"" CASCADE CONSTRAINTS;"
"DROP TABLE ""NOEXP$"" CASCADE CONSTRAINTS;"
"DROP TABLE ""EXPPKGOBJ$"" CASCADE CONSTRAINTS;"
"DROP TABLE ""EXPPKGACT$"" CASCADE CONSTRAINTS;"
"DROP TABLE ""EXPDEPOBJ$"" CASCADE CONSTRAINTS;"
"DROP TABLE ""EXPDEPACT$"" CASCADE CONSTRAINTS;"
"DROP TABLE ""EXPIMP_TTS_CT$"" CASCADE CONSTRAINTS;"
"DROP TABLE ""METAVIEW$"" CASCADE CONSTRAINTS;"
"DROP TABLE ""METAFILTER$"" CASCADE CONSTRAINTS;"
"DROP TABLE ""METAXSL$"" CASCADE CONSTRAINTS;"
"DROP TABLE ""METAXSLPARAM$"" CASCADE CONSTRAINTS;"
"DROP TABLE ""METASTYLESHEET"" CASCADE CONSTRAINTS;"
"DROP TABLE ""METASCRIPT$"" CASCADE CONSTRAINTS;"
"DROP TABLE ""METASCRIPTFILTER$"" CASCADE CONSTRAINTS;"
"DROP TABLE ""METANAMETRANS$"" CASCADE CONSTRAINTS;"
"DROP TABLE ""METAPATHMAP$"" CASCADE CONSTRAINTS;"
"DROP TABLE ""EXTERNAL_TAB$"" CASCADE CONSTRAINTS;"
"DROP TABLE ""EXTERNAL_LOCATION$"" CASCADE CONSTRAINTS;"
"DROP TABLE ""MODEL$"" CASCADE CONSTRAINTS;"
"DROP TABLE ""MODELTAB$"" CASCADE CONSTRAINTS;"
"DROP TABLE ""MODELATT$"" CASCADE CONSTRAINTS;"
"DROP TABLE ""MODELSET$"" CASCADE CONSTRAINTS;"
"DROP TABLE ""LOGMNR_BUILDLOG"" CASCADE CONSTRAINTS;"
"DROP TABLE ""LOGMNRG_SEED$"" CASCADE CONSTRAINTS;"
"DROP TABLE ""LOGMNRG_DICTIONARY$"" CASCADE CONSTRAINTS;"
"DROP TABLE ""LOGMNRG_OBJ$"" CASCADE CONSTRAINTS;"
"DROP TABLE ""LOGMNRG_TAB$"" CASCADE CONSTRAINTS;"
"DROP TABLE ""LOGMNRG_COL$"" CASCADE CONSTRAINTS;"
"DROP TABLE ""LOGMNRG_ATTRCOL$"" CASCADE CONSTRAINTS;"
"DROP TABLE ""LOGMNRG_TS$"" CASCADE CONSTRAINTS;"
"DROP TABLE ""LOGMNRG_IND$"" CASCADE CONSTRAINTS;"
"DROP TABLE ""LOGMNRG_USER$"" CASCADE CONSTRAINTS;"
"DROP TABLE ""LOGMNRG_TABPART$"" CASCADE CONSTRAINTS;"
"DROP TABLE ""LOGMNRG_TABSUBPART$"" CASCADE CONSTRAINTS;"
"DROP TABLE ""LOGMNRG_TABCOMPART$"" CASCADE CONSTRAINTS;"
"DROP TABLE ""LOGMNRG_TYPE$"" CASCADE CONSTRAINTS;"
"DROP TABLE ""LOGMNRG_COLTYPE$"" CASCADE CONSTRAINTS;"
"DROP TABLE ""LOGMNRG_ATTRIBUTE$"" CASCADE CONSTRAINTS;"
"DROP TABLE ""LOGMNRG_LOB$"" CASCADE CONSTRAINTS;"
"DROP TABLE ""LOGMNRG_CDEF$"" CASCADE CONSTRAINTS;"
"DROP TABLE ""LOGMNRG_CCOL$"" CASCADE CONSTRAINTS;"
"DROP TABLE ""LOGMNRG_ICOL$"" CASCADE CONSTRAINTS;"
"DROP TABLE ""LOGMNRG_LOBFRAG$"" CASCADE CONSTRAINTS;"
"DROP TABLE ""LOGMNRG_INDPART$"" CASCADE CONSTRAINTS;"
"DROP TABLE ""LOGMNRG_INDSUBPART$"" CASCADE CONSTRAINTS;"
"DROP TABLE ""LOGMNRG_INDCOMPART$"" CASCADE CONSTRAINTS;"
"DROP TABLE ""LOGMNRG_LOGMNR_BUILDLOG"" CASCADE CONSTRAINTS;"
"DROP TABLE ""LOGMNRG_NTAB$"" CASCADE CONSTRAINTS;"
"DROP TABLE ""LOGMNRG_OPQTYPE$"" CASCADE CONSTRAINTS;"
"DROP TABLE ""LOGMNRG_SUBCOLTYPE$"" CASCADE CONSTRAINTS;"
"DROP TABLE ""LOGMNRG_KOPM$"" CASCADE CONSTRAINTS;"
"DROP TABLE ""LOGMNRG_PROPS$"" CASCADE CONSTRAINTS;"
"DROP TABLE ""LOGMNRG_ENC$"" CASCADE CONSTRAINTS;"
"DROP TABLE ""LOGMNRG_REFCON$"" CASCADE CONSTRAINTS;"
"DROP TABLE ""LOGMNRG_PARTOBJ$"" CASCADE CONSTRAINTS;"
"DROP TABLE ""DST$AFFECTED_TABLES"" CASCADE CONSTRAINTS;"
"DROP TABLE ""DST$ERROR_TABLE"" CASCADE CONSTRAINTS;"
"DROP TABLE ""DST$TRIGGER_TABLE"" CASCADE CONSTRAINTS;"
"DROP TABLE ""SYS_FBA_FA"" CASCADE CONSTRAINTS;"
"DROP TABLE ""SYS_FBA_TSFA"" CASCADE CONSTRAINTS;"
"DROP TABLE ""SYS_FBA_BARRIERSCN"" CASCADE CONSTRAINTS;"
"DROP TABLE ""SYS_FBA_TRACKEDTABLES"" CASCADE CONSTRAINTS;"
"DROP TABLE ""SYS_FBA_PARTITIONS"" CASCADE CONSTRAINTS;"
"DROP TABLE ""SYS_FBA_USERS"" CASCADE CONSTRAINTS;"
"DROP TABLE ""SYS_FBA_DL"" CASCADE CONSTRAINTS;"
"DROP TABLE ""REGISTRY$"" CASCADE CONSTRAINTS;"
"DROP TABLE ""REGISTRY$SCHEMAS"" CASCADE CONSTRAINTS;"
"DROP TABLE ""REGISTRY$LOG"" CASCADE CONSTRAINTS;"
"DROP TABLE ""REGISTRY$ERROR"" CASCADE CONSTRAINTS;"
"DROP TABLE ""REGISTRY$HISTORY"" CASCADE CONSTRAINTS;"
"DROP TABLE ""REGISTRY$PROGRESS"" CASCADE CONSTRAINTS;"
"DROP TABLE ""REGISTRY$DEPENDENCIES"" CASCADE CONSTRAINTS;"
"DROP TABLE ""REGISTRY$DATABASE"" CASCADE CONSTRAINTS;"
"DROP TABLE ""AUDIT_ACTIONS"" CASCADE CONSTRAINTS;"
"DROP TABLE ""WRI$_SEGADV_OBJLIST"" CASCADE CONSTRAINTS;"
"DROP TABLE ""WRI$_SEGADV_CNTRLTAB"" CASCADE CONSTRAINTS;"
"DROP TABLE ""WRI$_REPT_COMPONENTS"" CASCADE CONSTRAINTS;"
"DROP TABLE ""WRI$_REPT_REPORTS"" CASCADE CONSTRAINTS;"
"DROP TABLE ""WRI$_REPT_FILES"" CASCADE CONSTRAINTS;"
"DROP TABLE ""WRI$_REPT_FORMATS"" CASCADE CONSTRAINTS;"
"DROP TABLE ""TRANSACTION_BACKOUT_STATE$"" CASCADE CONSTRAINTS;"
"DROP TABLE ""TRANSACTION_BACKOUT_REPORT$"" CASCADE CONSTRAINTS;"
"DROP TABLE ""UTL_RECOMP_ERRORS"" CASCADE CONSTRAINTS;"
"DROP TABLE ""TRANSFORMATIONS$"" CASCADE CONSTRAINTS;"
"DROP TABLE ""ATTRIBUTE_TRANSFORMATIONS$"" CASCADE CONSTRAINTS;"
"DROP TABLE ""RULE_SET_IEUAC$"" CASCADE CONSTRAINTS;"
"DROP TABLE ""RULE_SET$"" CASCADE CONSTRAINTS;"
"DROP TABLE ""RULE$"" CASCADE CONSTRAINTS;"
"DROP TABLE ""RULE_MAP$"" CASCADE CONSTRAINTS;"
"DROP TABLE ""RULE_EC$"" CASCADE CONSTRAINTS;"
"DROP TABLE ""REC_TAB$"" CASCADE CONSTRAINTS;"
"DROP TABLE ""REC_VAR$"" CASCADE CONSTRAINTS;"
"DROP TABLE ""RULE_SET_EE$"" CASCADE CONSTRAINTS;"
"DROP TABLE ""RULE_SET_TE$"" CASCADE CONSTRAINTS;"
"DROP TABLE ""RULE_SET_VE$"" CASCADE CONSTRAINTS;"
"DROP TABLE ""RULE_SET_RE$"" CASCADE CONSTRAINTS;"
"DROP TABLE ""RULE_SET_ROR$"" CASCADE CONSTRAINTS;"
"DROP TABLE ""RULE_SET_FOB$"" CASCADE CONSTRAINTS;"
"DROP TABLE ""RULE_SET_NL$"" CASCADE CONSTRAINTS;"
"DROP TABLE ""SYS_IOT_OVER_5140"" CASCADE CONSTRAINTS;"
"DROP TABLE ""RULE_SET_RDEP$"" CASCADE CONSTRAINTS;"
"DROP TABLE ""SYS_IOT_OVER_5146"" CASCADE CONSTRAINTS;"
"DROP TABLE ""SYS_IOT_OVER_5150"" CASCADE CONSTRAINTS;"
"DROP TABLE ""DAM_PARAM_TAB$"" CASCADE CONSTRAINTS;"
"DROP TABLE ""DAM_CONFIG_PARAM$"" CASCADE CONSTRAINTS;"
"DROP TABLE ""DAM_LAST_ARCH_TS$"" CASCADE CONSTRAINTS;"
"DROP TABLE ""DAM_CLEANUP_JOBS$"" CASCADE CONSTRAINTS;"
"DROP TABLE ""DAM_CLEANUP_EVENTS$"" CASCADE CONSTRAINTS;"
"DROP TABLE ""INVALIDATION_REGISTRY$"" CASCADE CONSTRAINTS;"
"DROP TABLE ""SYS_IOT_OVER_5387"" CASCADE CONSTRAINTS;"
"DROP TABLE ""CHNF$_CLAUSE_DEPENDENTS"" CASCADE CONSTRAINTS;"
"DROP TABLE ""CHNF$_QUERY_OBJECT"" CASCADE CONSTRAINTS;"
"DROP TABLE ""CHNF$_REG_QUERIES"" CASCADE CONSTRAINTS;"
"DROP TABLE ""CHNF$_QUERIES"" CASCADE CONSTRAINTS;"
"DROP TABLE ""CHNF$_QUERY_BINDS"" CASCADE CONSTRAINTS;"
"DROP TABLE ""SYS_IOT_OVER_5422"" CASCADE CONSTRAINTS;"
"DROP TABLE ""CHNF$_QUERY_DEPENDENCIES"" CASCADE CONSTRAINTS;"
"DROP TABLE ""CHNFDIRECTLOAD$"" CASCADE CONSTRAINTS;"
"DROP TABLE ""CPOOL$"" CASCADE CONSTRAINTS;"
"DROP TABLE ""SSCR_CAP$"" CASCADE CONSTRAINTS;"
"DROP TABLE ""SSCR_RES$"" CASCADE CONSTRAINTS;"
"DROP TABLE ""REG$"" CASCADE CONSTRAINTS;"
"DROP TABLE ""LOC$"" CASCADE CONSTRAINTS;"
"DROP TABLE ""REGZ$"" CASCADE CONSTRAINTS;"
"DROP TABLE ""AQ$_REPLAY_INFO"" CASCADE CONSTRAINTS;"
"DROP TABLE ""AQ$_QUEUE_TABLE_AFFINITIES"" CASCADE CONSTRAINTS;"
"DROP TABLE ""AQ$_SUBSCRIBER_TABLE"" CASCADE CONSTRAINTS;"
"DROP TABLE ""AQ$_SCHEDULES"" CASCADE CONSTRAINTS;"
"DROP TABLE ""AQ$_MESSAGE_TYPES"" CASCADE CONSTRAINTS;"
"DROP TABLE ""AQ$_PROPAGATION_STATUS"" CASCADE CONSTRAINTS;"
"DROP TABLE ""AQ$_PENDING_MESSAGES"" CASCADE CONSTRAINTS;"
"DROP TABLE ""AQ$_QUEUE_STATISTICS"" CASCADE CONSTRAINTS;"
"DROP TABLE ""AQ$_PUBLISHER"" CASCADE CONSTRAINTS;"
"DROP TABLE ""SYS_IOT_OVER_5690"" CASCADE CONSTRAINTS;"
"DROP TABLE ""WRI$_ADV_DEFINITIONS"" CASCADE CONSTRAINTS;"
"DROP TABLE ""WRI$_ADV_DEF_PARAMETERS"" CASCADE CONSTRAINTS;"
"DROP TABLE ""WRI$_ADV_DEF_EXEC_TYPES"" CASCADE CONSTRAINTS;"
"DROP TABLE ""WRI$_ADV_TASKS"" CASCADE CONSTRAINTS;"
"DROP TABLE ""WRI$_ADV_PARAMETERS"" CASCADE CONSTRAINTS;"
"DROP TABLE ""WRI$_ADV_EXECUTIONS"" CASCADE CONSTRAINTS;"
"DROP TABLE ""WRI$_ADV_EXEC_PARAMETERS"" CASCADE CONSTRAINTS;"
"DROP TABLE ""WRI$_ADV_OBJECTS"" CASCADE CONSTRAINTS;"
"DROP TABLE ""WRI$_ADV_FINDINGS"" CASCADE CONSTRAINTS;"
"DROP TABLE ""WRI$_ADV_INST_FDG"" CASCADE CONSTRAINTS;"
"DROP TABLE ""WRI$_ADV_RECOMMENDATIONS"" CASCADE CONSTRAINTS;"
"DROP TABLE ""WRI$_ADV_ACTIONS"" CASCADE CONSTRAINTS;"
"DROP TABLE ""WRI$_ADV_RATIONALE"" CASCADE CONSTRAINTS;"
"DROP TABLE ""WRI$_ADV_REC_ACTIONS"" CASCADE CONSTRAINTS;"
"DROP TABLE ""WRI$_ADV_DIRECTIVE_DEFS"" CASCADE CONSTRAINTS;"
"DROP TABLE ""WRI$_ADV_DIRECTIVE_META"" CASCADE CONSTRAINTS;"
"DROP TABLE ""WRI$_ADV_DIRECTIVE_INSTANCES"" CASCADE CONSTRAINTS;"
"DROP TABLE ""WRI$_ADV_JOURNAL"" CASCADE CONSTRAINTS;"
"DROP TABLE ""WRI$_ADV_MESSAGE_GROUPS"" CASCADE CONSTRAINTS;"
"DROP TABLE ""WRI$_ADV_SQLT_PLAN_HASH"" CASCADE CONSTRAINTS;"
"DROP TABLE ""WRI$_ADV_SQLT_PLAN_STATS"" CASCADE CONSTRAINTS;"
"DROP TABLE ""WRI$_ADV_SQLT_PLANS"" CASCADE CONSTRAINTS;"
"DROP TABLE ""WRI$_ADV_USAGE"" CASCADE CONSTRAINTS;"
"DROP TABLE ""WRI$_ADV_ADDM_TASKS"" CASCADE CONSTRAINTS;"
"DROP TABLE ""WRI$_ADV_ADDM_INST"" CASCADE CONSTRAINTS;"
"DROP TABLE ""WRI$_ADV_ADDM_FDG"" CASCADE CONSTRAINTS;"
"DROP TABLE ""SCHEDULER$_PROGRAM"" CASCADE CONSTRAINTS;"
"DROP TABLE ""SCHEDULER$_CLASS"" CASCADE CONSTRAINTS;"
"DROP TABLE ""SCHEDULER$_JOB"" CASCADE CONSTRAINTS;"
"DROP TABLE ""SCHEDULER$_SAVED_OIDS"" CASCADE CONSTRAINTS;"
"DROP TABLE ""SCHEDULER$_LWJOB_OBJ"" CASCADE CONSTRAINTS;"
"DROP TABLE ""SCHEDULER$_LIGHTWEIGHT_JOB"" CASCADE CONSTRAINTS;"
"DROP TABLE ""SCHEDULER$_JOB_ARGUMENT"" CASCADE CONSTRAINTS;"
"DROP TABLE ""SCHEDULER$_WINDOW"" CASCADE CONSTRAINTS;"
"DROP TABLE ""SCHEDULER$_PROGRAM_ARGUMENT"" CASCADE CONSTRAINTS;"
"DROP TABLE ""SCHEDULER$_SRCQ_INFO"" CASCADE CONSTRAINTS;"
"DROP TABLE ""SCHEDULER$_SRCQ_MAP"" CASCADE CONSTRAINTS;"
"DROP TABLE ""SCHEDULER$_EVTQ_SUB"" CASCADE CONSTRAINTS;"
"DROP TABLE ""SCHEDULER$_EVENT_LOG"" CASCADE CONSTRAINTS;"
"DROP TABLE ""SCHEDULER$_JOB_RUN_DETAILS"" CASCADE CONSTRAINTS;"
"DROP TABLE ""SCHEDULER$_WINDOW_DETAILS"" CASCADE CONSTRAINTS;"
"DROP TABLE ""SCHEDULER$_WINDOW_GROUP"" CASCADE CONSTRAINTS;"
"DROP TABLE ""SCHEDULER$_WINGRP_MEMBER"" CASCADE CONSTRAINTS;"
"DROP TABLE ""SCHEDULER$_SCHEDULE"" CASCADE CONSTRAINTS;"
"DROP TABLE ""SCHEDULER$_CHAIN"" CASCADE CONSTRAINTS;"
"DROP TABLE ""SCHEDULER$_STEP"" CASCADE CONSTRAINTS;"
"DROP TABLE ""SCHEDULER$_STEP_STATE"" CASCADE CONSTRAINTS;"
"DROP TABLE ""SCHEDULER$_GLOBAL_ATTRIBUTE"" CASCADE CONSTRAINTS;"
"DROP TABLE ""SCHEDULER$_CREDENTIAL"" CASCADE CONSTRAINTS;"
"DROP TABLE ""SCHEDULER$_RJOB_SRC_DB_INFO"" CASCADE CONSTRAINTS;"
"DROP TABLE ""SCHEDULER$_REMOTE_DBS"" CASCADE CONSTRAINTS;"
"DROP TABLE ""SCHEDULER$_REMOTE_JOB_STATE"" CASCADE CONSTRAINTS;"
"DROP TABLE ""SCHEDULER$_FILE_WATCHER"" CASCADE CONSTRAINTS;"
"DROP TABLE ""SCHEDULER$_FILEWATCHER_HISTORY"" CASCADE CONSTRAINTS;"
"DROP TABLE ""SCHEDULER$_FILEWATCHER_RESEND"" CASCADE CONSTRAINTS;"
"DROP TABLE ""SCHEDULER$_NOTIFICATION"" CASCADE CONSTRAINTS;"
"DROP TABLE ""SCHEDULER$_DESTINATIONS"" CASCADE CONSTRAINTS;"
"DROP TABLE ""SCHEDULER$_JOB_DESTINATIONS"" CASCADE CONSTRAINTS;"
"DROP TABLE ""KU_NOEXP_TAB"" CASCADE CONSTRAINTS;"
"DROP TABLE ""KU_UTLUSE"" CASCADE CONSTRAINTS;"
"DROP TABLE ""CRC$_RESULT_CACHE_STATS"" CASCADE CONSTRAINTS;"
"DROP TABLE ""WRI$_DBU_FEATURE_USAGE"" CASCADE CONSTRAINTS;"
"DROP TABLE ""WRI$_DBU_FEATURE_METADATA"" CASCADE CONSTRAINTS;"
"DROP TABLE ""WRI$_DBU_HIGH_WATER_MARK"" CASCADE CONSTRAINTS;"
"DROP TABLE ""WRI$_DBU_HWM_METADATA"" CASCADE CONSTRAINTS;"
"DROP TABLE ""WRI$_DBU_USAGE_SAMPLE"" CASCADE CONSTRAINTS;"
"DROP TABLE ""WRI$_DBU_CPU_USAGE"" CASCADE CONSTRAINTS;"
"DROP TABLE ""WRI$_DBU_CPU_USAGE_SAMPLE"" CASCADE CONSTRAINTS;"
"DROP TABLE ""WRI$_ALERT_OUTSTANDING"" CASCADE CONSTRAINTS;"
"DROP TABLE ""WRI$_ALERT_HISTORY"" CASCADE CONSTRAINTS;"
"DROP TABLE ""WRI$_ALERT_THRESHOLD"" CASCADE CONSTRAINTS;"
"DROP TABLE ""WRI$_ALERT_THRESHOLD_LOG"" CASCADE CONSTRAINTS;"
"DROP TABLE ""KET$_AUTOTASK_STATUS"" CASCADE CONSTRAINTS;"
"DROP TABLE ""KET$_CLIENT_CONFIG"" CASCADE CONSTRAINTS;"
"DROP TABLE ""KET$_CLIENT_TASKS"" CASCADE CONSTRAINTS;"
"DROP TABLE ""WRI$_TRACING_ENABLED"" CASCADE CONSTRAINTS;"
"DROP TABLE ""WRI$_AGGREGATION_ENABLED"" CASCADE CONSTRAINTS;"
"DROP TABLE ""WRI$_ADV_SQLT_BINDS"" CASCADE CONSTRAINTS;"
"DROP TABLE ""WRI$_ADV_SQLT_STATISTICS"" CASCADE CONSTRAINTS;"
"DROP TABLE ""WRI$_ADV_SQLT_RTN_PLAN"" CASCADE CONSTRAINTS;"
"DROP TABLE ""WRI$_SQLSET_DEFINITIONS"" CASCADE CONSTRAINTS;"
"DROP TABLE ""WRI$_SQLSET_REFERENCES"" CASCADE CONSTRAINTS;"
"DROP TABLE ""WRI$_SQLSET_STATEMENTS"" CASCADE CONSTRAINTS;"
"DROP TABLE ""WRI$_SQLSET_PLANS"" CASCADE CONSTRAINTS;"
"DROP TABLE ""WRI$_SQLSET_STATISTICS"" CASCADE CONSTRAINTS;"
"DROP TABLE ""WRI$_SQLSET_MASK"" CASCADE CONSTRAINTS;"
"DROP TABLE ""WRI$_SQLSET_PLAN_LINES"" CASCADE CONSTRAINTS;"
"DROP TABLE ""WRI$_SQLSET_BINDS"" CASCADE CONSTRAINTS;"
"DROP TABLE ""WRI$_SQLSET_WORKSPACE"" CASCADE CONSTRAINTS;"
"DROP TABLE ""WRI$_SQLSET_WORKSPACE_PLANS"" CASCADE CONSTRAINTS;"
"DROP TABLE ""WRI$_SQLMON_USAGE"" CASCADE CONSTRAINTS;"
"DROP TABLE ""WRH$_FILESTATXS_BL"" CASCADE CONSTRAINTS;"
"DROP TABLE ""WRH$_TEMPSTATXS"" CASCADE CONSTRAINTS;"
"DROP TABLE ""WRH$_DATAFILE"" CASCADE CONSTRAINTS;"
"DROP TABLE ""WRH$_TEMPFILE"" CASCADE CONSTRAINTS;"
"DROP TABLE ""WRH$_COMP_IOSTAT"" CASCADE CONSTRAINTS;"
"DROP TABLE ""WRH$_IOSTAT_FUNCTION"" CASCADE CONSTRAINTS;"
"DROP TABLE ""WRH$_IOSTAT_FUNCTION_NAME"" CASCADE CONSTRAINTS;"
"DROP TABLE ""WRH$_IOSTAT_FILETYPE"" CASCADE CONSTRAINTS;"
"DROP TABLE ""WRH$_IOSTAT_FILETYPE_NAME"" CASCADE CONSTRAINTS;"
"DROP TABLE ""WRH$_IOSTAT_DETAIL"" CASCADE CONSTRAINTS;"
"DROP TABLE ""WRH$_SQLSTAT_BL"" CASCADE CONSTRAINTS;"
"DROP TABLE ""WRH$_SQLTEXT"" CASCADE CONSTRAINTS;"
"DROP TABLE ""WRH$_SQL_SUMMARY"" CASCADE CONSTRAINTS;"
"DROP TABLE ""WRH$_SQL_PLAN"" CASCADE CONSTRAINTS;"
"DROP TABLE ""WRH$_SQL_BIND_METADATA"" CASCADE CONSTRAINTS;"
"DROP TABLE ""WRH$_OPTIMIZER_ENV"" CASCADE CONSTRAINTS;"
"DROP TABLE ""WRH$_SYSTEM_EVENT_BL"" CASCADE CONSTRAINTS;"
"DROP TABLE ""WRH$_EVENT_NAME"" CASCADE CONSTRAINTS;"
"DROP TABLE ""WRH$_LATCH_NAME"" CASCADE CONSTRAINTS;"
"DROP TABLE ""WRH$_BG_EVENT_SUMMARY"" CASCADE CONSTRAINTS;"
"DROP TABLE ""WRH$_WAITSTAT_BL"" CASCADE CONSTRAINTS;"
"DROP TABLE ""WRH$_ENQUEUE_STAT"" CASCADE CONSTRAINTS;"
"DROP TABLE ""WRH$_LATCH_BL"" CASCADE CONSTRAINTS;"
"DROP TABLE ""WRH$_LATCH_CHILDREN_BL"" CASCADE CONSTRAINTS;"
"DROP TABLE ""WRH$_LATCH_PARENT_BL"" CASCADE CONSTRAINTS;"
"DROP TABLE ""WRH$_LATCH_MISSES_SUMMARY_BL"" CASCADE CONSTRAINTS;"
"DROP TABLE ""WRH$_EVENT_HISTOGRAM_BL"" CASCADE CONSTRAINTS;"
"DROP TABLE ""WRH$_MUTEX_SLEEP"" CASCADE CONSTRAINTS;"
"DROP TABLE ""WRH$_LIBRARYCACHE"" CASCADE CONSTRAINTS;"
"DROP TABLE ""WRH$_DB_CACHE_ADVICE_BL"" CASCADE CONSTRAINTS;"
"DROP TABLE ""WRH$_BUFFER_POOL_STATISTICS"" CASCADE CONSTRAINTS;"
"DROP TABLE ""WRH$_ROWCACHE_SUMMARY_BL"" CASCADE CONSTRAINTS;"
"DROP TABLE ""WRH$_SGA"" CASCADE CONSTRAINTS;"
"DROP TABLE ""WRH$_SGASTAT_BL"" CASCADE CONSTRAINTS;"
"DROP TABLE ""WRH$_PGASTAT"" CASCADE CONSTRAINTS;"
"DROP TABLE ""WRH$_PROCESS_MEMORY_SUMMARY"" CASCADE CONSTRAINTS;"
"DROP TABLE ""WRH$_RESOURCE_LIMIT"" CASCADE CONSTRAINTS;"
"DROP TABLE ""WRH$_SHARED_POOL_ADVICE"" CASCADE CONSTRAINTS;"
"DROP TABLE ""WRH$_STREAMS_POOL_ADVICE"" CASCADE CONSTRAINTS;"
"DROP TABLE ""WRH$_SQL_WORKAREA_HISTOGRAM"" CASCADE CONSTRAINTS;"
"DROP TABLE ""WRH$_PGA_TARGET_ADVICE"" CASCADE CONSTRAINTS;"
"DROP TABLE ""WRH$_SGA_TARGET_ADVICE"" CASCADE CONSTRAINTS;"
"DROP TABLE ""WRH$_MEMORY_TARGET_ADVICE"" CASCADE CONSTRAINTS;"
"DROP TABLE ""WRH$_MEMORY_RESIZE_OPS"" CASCADE CONSTRAINTS;"
"DROP TABLE ""WRH$_INSTANCE_RECOVERY"" CASCADE CONSTRAINTS;"
"DROP TABLE ""WRH$_JAVA_POOL_ADVICE"" CASCADE CONSTRAINTS;"
"DROP TABLE ""WRH$_THREAD"" CASCADE CONSTRAINTS;"
"DROP TABLE ""WRH$_SYSSTAT_BL"" CASCADE CONSTRAINTS;"
"DROP TABLE ""WRH$_SYS_TIME_MODEL_BL"" CASCADE CONSTRAINTS;"
"DROP TABLE ""WRH$_OSSTAT_BL"" CASCADE CONSTRAINTS;"
"DROP TABLE ""WRH$_PARAMETER_BL"" CASCADE CONSTRAINTS;"
"DROP TABLE ""WRH$_STAT_NAME"" CASCADE CONSTRAINTS;"
"DROP TABLE ""WRH$_OSSTAT_NAME"" CASCADE CONSTRAINTS;"
"DROP TABLE ""WRH$_PARAMETER_NAME"" CASCADE CONSTRAINTS;"
"DROP TABLE ""WRH$_PLAN_OPERATION_NAME"" CASCADE CONSTRAINTS;"
"DROP TABLE ""WRH$_PLAN_OPTION_NAME"" CASCADE CONSTRAINTS;"
"DROP TABLE ""WRH$_SQLCOMMAND_NAME"" CASCADE CONSTRAINTS;"
"DROP TABLE ""WRH$_TOPLEVELCALL_NAME"" CASCADE CONSTRAINTS;"
"DROP TABLE ""WRH$_UNDOSTAT"" CASCADE CONSTRAINTS;"
"DROP TABLE ""WRH$_SEG_STAT_BL"" CASCADE CONSTRAINTS;"
"DROP TABLE ""WRH$_SEG_STAT_OBJ"" CASCADE CONSTRAINTS;"
"DROP TABLE ""WRH$_METRIC_NAME"" CASCADE CONSTRAINTS;"
"DROP TABLE ""WRH$_SYSMETRIC_HISTORY"" CASCADE CONSTRAINTS;"
"DROP TABLE ""WRH$_SYSMETRIC_SUMMARY"" CASCADE CONSTRAINTS;"
"DROP TABLE ""WRH$_SESSMETRIC_HISTORY"" CASCADE CONSTRAINTS;"
"DROP TABLE ""WRH$_FILEMETRIC_HISTORY"" CASCADE CONSTRAINTS;"
"DROP TABLE ""WRH$_WAITCLASSMETRIC_HISTORY"" CASCADE CONSTRAINTS;"
"DROP TABLE ""WRH$_DLM_MISC_BL"" CASCADE CONSTRAINTS;"
"DROP TABLE ""WRH$_CR_BLOCK_SERVER"" CASCADE CONSTRAINTS;"
"DROP TABLE ""WRH$_CURRENT_BLOCK_SERVER"" CASCADE CONSTRAINTS;"
"DROP TABLE ""WRH$_INST_CACHE_TRANSFER_BL"" CASCADE CONSTRAINTS;"
"DROP TABLE ""WRH$_ACTIVE_SESSION_HISTORY_BL"" CASCADE CONSTRAINTS;"
"DROP TABLE ""WRH$_TABLESPACE_STAT_BL"" CASCADE CONSTRAINTS;"
"DROP TABLE ""WRH$_LOG"" CASCADE CONSTRAINTS;"
"DROP TABLE ""WRH$_MTTR_TARGET_ADVICE"" CASCADE CONSTRAINTS;"
"DROP TABLE ""WRH$_TABLESPACE_SPACE_USAGE"" CASCADE CONSTRAINTS;"
"DROP TABLE ""WRH$_SERVICE_NAME"" CASCADE CONSTRAINTS;"
"DROP TABLE ""WRH$_SERVICE_STAT_BL"" CASCADE CONSTRAINTS;"
"DROP TABLE ""WRH$_SERVICE_WAIT_CLASS_BL"" CASCADE CONSTRAINTS;"
"DROP TABLE ""WRH$_SESS_TIME_STATS"" CASCADE CONSTRAINTS;"
"DROP TABLE ""WRH$_STREAMS_CAPTURE"" CASCADE CONSTRAINTS;"
"DROP TABLE ""WRH$_STREAMS_APPLY_SUM"" CASCADE CONSTRAINTS;"
"DROP TABLE ""WRH$_BUFFERED_QUEUES"" CASCADE CONSTRAINTS;"
"DROP TABLE ""WRH$_BUFFERED_SUBSCRIBERS"" CASCADE CONSTRAINTS;"
"DROP TABLE ""WRH$_PERSISTENT_QUEUES"" CASCADE CONSTRAINTS;"
"DROP TABLE ""WRH$_PERSISTENT_SUBSCRIBERS"" CASCADE CONSTRAINTS;"
"DROP TABLE ""WRH$_RULE_SET"" CASCADE CONSTRAINTS;"
"DROP TABLE ""WRI$_SCH_CONTROL"" CASCADE CONSTRAINTS;"
"DROP TABLE ""WRI$_SCH_VOTES"" CASCADE CONSTRAINTS;"
"DROP TABLE ""WRH$_RSRC_CONSUMER_GROUP"" CASCADE CONSTRAINTS;"
"DROP TABLE ""WRH$_RSRC_PLAN"" CASCADE CONSTRAINTS;"
"DROP TABLE ""WRH$_CLUSTER_INTERCON"" CASCADE CONSTRAINTS;"
"DROP TABLE ""WRH$_IC_DEVICE_STATS"" CASCADE CONSTRAINTS;"
"DROP TABLE ""WRH$_IC_CLIENT_STATS"" CASCADE CONSTRAINTS;"
"DROP TABLE ""WRH$_MEM_DYNAMIC_COMP"" CASCADE CONSTRAINTS;"
"DROP TABLE ""WRH$_INTERCONNECT_PINGS_BL"" CASCADE CONSTRAINTS;"
"DROP TABLE ""WRH$_DISPATCHER"" CASCADE CONSTRAINTS;"
"DROP TABLE ""WRH$_SHARED_SERVER_SUMMARY"" CASCADE CONSTRAINTS;"
"DROP TABLE ""WRH$_DYN_REMASTER_STATS"" CASCADE CONSTRAINTS;"
"DROP TABLE ""WRM$_WR_USAGE"" CASCADE CONSTRAINTS;"
"DROP TABLE ""WRM$_DATABASE_INSTANCE"" CASCADE CONSTRAINTS;"
"DROP TABLE ""WRM$_SNAPSHOT"" CASCADE CONSTRAINTS;"
"DROP TABLE ""WRM$_SNAP_ERROR"" CASCADE CONSTRAINTS;"
"DROP TABLE ""WRM$_BASELINE"" CASCADE CONSTRAINTS;"
"DROP TABLE ""WRM$_COLORED_SQL"" CASCADE CONSTRAINTS;"
"DROP TABLE ""WRM$_BASELINE_DETAILS"" CASCADE CONSTRAINTS;"
"DROP TABLE ""WRM$_BASELINE_TEMPLATE"" CASCADE CONSTRAINTS;"
"DROP TABLE ""WRM$_WR_CONTROL"" CASCADE CONSTRAINTS;"
"DROP TABLE ""WRR$_FILTERS"" CASCADE CONSTRAINTS;"
"DROP TABLE ""WRR$_CAPTURES"" CASCADE CONSTRAINTS;"
"DROP TABLE ""WRR$_CAPTURE_STATS"" CASCADE CONSTRAINTS;"
"DROP TABLE ""WRR$_CAPTURE_UC_GRAPH"" CASCADE CONSTRAINTS;"
"DROP TABLE ""WRR$_REPLAYS"" CASCADE CONSTRAINTS;"
"DROP TABLE ""WRR$_REPLAY_STATS"" CASCADE CONSTRAINTS;"
"DROP TABLE ""WRR$_REPLAY_DIVERGENCE"" CASCADE CONSTRAINTS;"
"DROP TABLE ""WRR$_REPLAY_UC_GRAPH"" CASCADE CONSTRAINTS;"
"DROP TABLE ""WRR$_CONNECTION_MAP"" CASCADE CONSTRAINTS;"
"DROP TABLE ""WRR$_REPLAY_SQL_TEXT"" CASCADE CONSTRAINTS;"
"DROP TABLE ""WRR$_REPLAY_SQL_BINDS"" CASCADE CONSTRAINTS;"
"DROP TABLE ""WRR$_SEQUENCE_EXCEPTIONS"" CASCADE CONSTRAINTS;"
"DROP TABLE ""WRR$_REPLAY_CALL_FILTER"" CASCADE CONSTRAINTS;"
"DROP TABLE ""WRR$_REPLAY_FILTER_SET"" CASCADE CONSTRAINTS;"
"DROP TABLE ""WRR$_REPLAY_DEP_GRAPH"" CASCADE CONSTRAINTS;"
"DROP TABLE ""WRR$_REPLAY_COMMITS"" CASCADE CONSTRAINTS;"
"DROP TABLE ""WRR$_REPLAY_REFERENCES"" CASCADE CONSTRAINTS;"
"DROP TABLE ""WRI$_ADV_SQLW_SUM"" CASCADE CONSTRAINTS;"
"DROP TABLE ""WRI$_ADV_SQLW_STMTS"" CASCADE CONSTRAINTS;"
"DROP TABLE ""WRI$_ADV_SQLW_TABLES"" CASCADE CONSTRAINTS;"
"DROP TABLE ""WRI$_ADV_SQLW_TABVOL"" CASCADE CONSTRAINTS;"
"DROP TABLE ""WRI$_ADV_SQLW_COLVOL"" CASCADE CONSTRAINTS;"
"DROP TABLE ""WRI$_ADV_SQLA_MAP"" CASCADE CONSTRAINTS;"
"DROP TABLE ""WRI$_ADV_SQLA_SUM"" CASCADE CONSTRAINTS;"
"DROP TABLE ""WRI$_ADV_SQLA_STMTS"" CASCADE CONSTRAINTS;"
"DROP TABLE ""WRI$_ADV_SQLA_TABLES"" CASCADE CONSTRAINTS;"
"DROP TABLE ""WRI$_ADV_SQLA_TABVOL"" CASCADE CONSTRAINTS;"
"DROP TABLE ""WRI$_ADV_SQLA_COLVOL"" CASCADE CONSTRAINTS;"
"DROP TABLE ""WRI$_ADV_SQLA_TMP"" CASCADE CONSTRAINTS;"
"DROP TABLE ""WRI$_ADV_SQLA_FAKE_REG"" CASCADE CONSTRAINTS;"
"DROP TABLE ""DBMS_PARALLEL_EXECUTE_TASK$"" CASCADE CONSTRAINTS;"
"DROP TABLE ""DBMS_PARALLEL_EXECUTE_CHUNKS$"" CASCADE CONSTRAINTS;"
"DROP TABLE ""DBFS$_STORES"" CASCADE CONSTRAINTS;"
"DROP TABLE ""DBFS$_MOUNTS"" CASCADE CONSTRAINTS;"
"DROP TABLE ""DBFS$_STATS"" CASCADE CONSTRAINTS;"
"DROP TABLE ""DBFS_SFS$_TAB"" CASCADE CONSTRAINTS;"
"DROP TABLE ""DBFS_SFS$_VOL"" CASCADE CONSTRAINTS;"
"DROP TABLE ""DBFS_SFS$_SNAP"" CASCADE CONSTRAINTS;"
"DROP TABLE ""DBFS_SFS$_FS"" CASCADE CONSTRAINTS;"
"DROP TABLE ""DBFS_SFS$_FST"" CASCADE CONSTRAINTS;"
"DROP TABLE ""DBFS_SFS$_FSTP"" CASCADE CONSTRAINTS;"
"DROP TABLE ""DBFS_SFS$_FSTO"" CASCADE CONSTRAINTS;"
"DROP TABLE ""DBFS_HS$_FS"" CASCADE CONSTRAINTS;"
"DROP TABLE ""DBFS_HS$_PROPERTY"" CASCADE CONSTRAINTS;"
"DROP TABLE ""DBFS_HS$_SFLOCATORTABLE"" CASCADE CONSTRAINTS;"
"DROP TABLE ""DBFS_HS$_BACKUPFILETABLE"" CASCADE CONSTRAINTS;"
"DROP TABLE ""DBFS_HS$_CONTENTFNMAPTBL"" CASCADE CONSTRAINTS;"
"DROP TABLE ""DBFS_HS$_STORECOMMANDS"" CASCADE CONSTRAINTS;"
"DROP TABLE ""DBFS_HS$_STOREID2POLICYCTX"" CASCADE CONSTRAINTS;"
"DROP TABLE ""DBFS_HS$_STOREPROPERTIES"" CASCADE CONSTRAINTS;"
"DROP TABLE ""DBFS_HS$_STOREIDTABLE"" CASCADE CONSTRAINTS;"
"DROP TABLE ""SQL_TK_COLL_CHK$"" CASCADE CONSTRAINTS;"
"DROP TABLE ""SQL_TK_ROW_CHK$"" CASCADE CONSTRAINTS;"
"DROP TABLE ""SQL_TK_REF_CHK$"" CASCADE CONSTRAINTS;"
"DROP TABLE ""SQL_TK_TAB_DESC$"" CASCADE CONSTRAINTS;"
"DROP TABLE ""STREAMS$_APPLY_SPILL_MESSAGES"" CASCADE CONSTRAINTS;"
"DROP TABLE ""STREAMS$_INTERNAL_TRANSFORM"" CASCADE CONSTRAINTS;"
"DROP TABLE ""DBMS_LOCK_ALLOCATED"" CASCADE CONSTRAINTS;"
"DROP TABLE ""DBMS_ALERT_INFO"" CASCADE CONSTRAINTS;"
"DROP TABLE ""SCHEDULER$_EVENT_QTAB"" CASCADE CONSTRAINTS;"
"DROP TABLE ""AQ$_SCHEDULER$_EVENT_QTAB_S"" CASCADE CONSTRAINTS;"
"DROP TABLE ""AQ$_SCHEDULER$_EVENT_QTAB_L"" CASCADE CONSTRAINTS;"
"DROP TABLE ""SYS_IOT_OVER_12214"" CASCADE CONSTRAINTS;"
"DROP TABLE ""SCHEDULER$_REMDB_JOBQTAB"" CASCADE CONSTRAINTS;"
"DROP TABLE ""AQ$_SCHEDULER$_REMDB_JOBQTAB_S"" CASCADE CONSTRAINTS;"
"DROP TABLE ""AQ$_SCHEDULER$_REMDB_JOBQTAB_L"" CASCADE CONSTRAINTS;"
"DROP TABLE ""SYS_IOT_OVER_12248"" CASCADE CONSTRAINTS;"
"DROP TABLE ""SCHEDULER_FILEWATCHER_QT"" CASCADE CONSTRAINTS;"
"DROP TABLE ""AQ$_SCHEDULER_FILEWATCHER_QT_S"" CASCADE CONSTRAINTS;"
"DROP TABLE ""AQ$_SCHEDULER_FILEWATCHER_QT_L"" CASCADE CONSTRAINTS;"
"DROP TABLE ""SYS_IOT_OVER_12278"" CASCADE CONSTRAINTS;"
"DROP TABLE ""ALERT_QT"" CASCADE CONSTRAINTS;"
"DROP TABLE ""AQ$_ALERT_QT_S"" CASCADE CONSTRAINTS;"
"DROP TABLE ""AQ$_ALERT_QT_L"" CASCADE CONSTRAINTS;"
"DROP TABLE ""SYS_IOT_OVER_12334"" CASCADE CONSTRAINTS;"
"DROP TABLE ""HS$_FDS_CLASS"" CASCADE CONSTRAINTS;"
"DROP TABLE ""HS$_FDS_INST"" CASCADE CONSTRAINTS;"
"DROP TABLE ""HS$_BASE_CAPS"" CASCADE CONSTRAINTS;"
"DROP TABLE ""HS$_CLASS_CAPS"" CASCADE CONSTRAINTS;"
"DROP TABLE ""HS$_INST_CAPS"" CASCADE CONSTRAINTS;"
"DROP TABLE ""HS$_BASE_DD"" CASCADE CONSTRAINTS;"
"DROP TABLE ""HS$_CLASS_DD"" CASCADE CONSTRAINTS;"
"DROP TABLE ""HS$_INST_DD"" CASCADE CONSTRAINTS;"
"DROP TABLE ""HS$_CLASS_INIT"" CASCADE CONSTRAINTS;"
"DROP TABLE ""HS$_INST_INIT"" CASCADE CONSTRAINTS;"
"DROP TABLE ""HS$_FDS_CLASS_DATE"" CASCADE CONSTRAINTS;"
"DROP TABLE ""HS_BULKLOAD_VIEW_OBJ"" CASCADE CONSTRAINTS;"
"DROP TABLE ""HS$_PARALLEL_METADATA"" CASCADE CONSTRAINTS;"
"DROP TABLE ""HS_PARTITION_COL_NAME"" CASCADE CONSTRAINTS;"
"DROP TABLE ""HS_PARTITION_COL_TYPE"" CASCADE CONSTRAINTS;"
"DROP TABLE ""HS$_PARALLEL_PARTITION_DATA"" CASCADE CONSTRAINTS;"
"DROP TABLE ""HS$_PARALLEL_HISTOGRAM_DATA"" CASCADE CONSTRAINTS;"
"DROP TABLE ""HS$_PARALLEL_SAMPLE_DATA"" CASCADE CONSTRAINTS;"
"DROP TABLE ""AQ$_MEM_MC"" CASCADE CONSTRAINTS;"
"DROP TABLE ""AQ$_AQ$_MEM_MC_S"" CASCADE CONSTRAINTS;"
"DROP TABLE ""AQ$_AQ$_MEM_MC_L"" CASCADE CONSTRAINTS;"
"DROP TABLE ""SYS_IOT_OVER_12537"" CASCADE CONSTRAINTS;"
"DROP TABLE ""AQ_EVENT_TABLE"" CASCADE CONSTRAINTS;"
"DROP TABLE ""AQ_PROP_TABLE"" CASCADE CONSTRAINTS;"
"DROP TABLE ""AQ$_AQ_PROP_TABLE_S"" CASCADE CONSTRAINTS;"
"DROP TABLE ""AQ$_AQ_PROP_TABLE_L"" CASCADE CONSTRAINTS;"
"DROP TABLE ""SYS_IOT_OVER_12573"" CASCADE CONSTRAINTS;"
"DROP TABLE ""KUPC$DATAPUMP_QUETAB"" CASCADE CONSTRAINTS;"
"DROP TABLE ""AQ$_KUPC$DATAPUMP_QUETAB_S"" CASCADE CONSTRAINTS;"
"DROP TABLE ""AQ$_KUPC$DATAPUMP_QUETAB_L"" CASCADE CONSTRAINTS;"
"DROP TABLE ""SYS_IOT_OVER_12752"" CASCADE CONSTRAINTS;"
"DROP TABLE ""SYS$SERVICE_METRICS_TAB"" CASCADE CONSTRAINTS;"
"DROP TABLE ""AQ$_SYS$SERVICE_METRICS_TAB_S"" CASCADE CONSTRAINTS;"
"DROP TABLE ""AQ$_SYS$SERVICE_METRICS_TAB_L"" CASCADE CONSTRAINTS;"
"DROP TABLE ""SYS_IOT_OVER_12875"" CASCADE CONSTRAINTS;"
"DROP TABLE ""JAVA$JVM$STATUS"" CASCADE CONSTRAINTS;"
"DROP TABLE ""JAVA$JVM$STEPS$DONE"" CASCADE CONSTRAINTS;"
"DROP TABLE ""JAVA$RMJVM$AUX"" CASCADE CONSTRAINTS;"
"DROP TABLE ""JAVA$RMJVM$AUX2"" CASCADE CONSTRAINTS;"
"DROP TABLE ""JAVA$RMJVM$AUX3"" CASCADE CONSTRAINTS;"
"DROP TABLE ""JAVAJAR$"" CASCADE CONSTRAINTS;"
"DROP TABLE ""JAVAJAROBJECTS$"" CASCADE CONSTRAINTS;"
"DROP TABLE ""JAVA$JVM$RUNTIME$PARAMETERS"" CASCADE CONSTRAINTS;"
"DROP TABLE ""JAVA$JVM$RJBC"" CASCADE CONSTRAINTS;"
"DROP TABLE ""JAVA$MC$"" CASCADE CONSTRAINTS;"
"DROP TABLE ""JAVA$MC$DEPS"" CASCADE CONSTRAINTS;"
"DROP TABLE ""JAVA$METHOD$METADATA"" CASCADE CONSTRAINTS;"
"DROP TABLE ""JAVA$COMPILER$OPTIONS"" CASCADE CONSTRAINTS;"
"DROP TABLE ""JAVA$RUNTIME$EXEC$USER$"" CASCADE CONSTRAINTS;"
"DROP TABLE ""JAVANEGDEPS$"" CASCADE CONSTRAINTS;"
"DROP TABLE ""JAVA$POLICY$"" CASCADE CONSTRAINTS;"
"DROP TABLE ""JAVA$POLICY$SHARED$TABLE"" CASCADE CONSTRAINTS;"
"DROP TABLE ""JAVA$PREFS$"" CASCADE CONSTRAINTS;"
"DROP TABLE ""XDB_INSTALLATION_TAB"" CASCADE CONSTRAINTS;"
"DROP TABLE ""EPG$_AUTH"" CASCADE CONSTRAINTS;"
"DROP TABLE ""NET$_ACL"" CASCADE CONSTRAINTS;"
"DROP TABLE ""WALLET$_ACL"" CASCADE CONSTRAINTS;"
"DROP TABLE ""AW$AWCREATE10G"" CASCADE CONSTRAINTS;"
"DROP TABLE ""AW$AWXML"" CASCADE CONSTRAINTS;"
"DROP TABLE ""AW$AWREPORT"" CASCADE CONSTRAINTS;"
"DROP TABLE ""OLAPI_HISTORY"" CASCADE CONSTRAINTS;"
"DROP TABLE ""OLAPI_SESSION_HISTORY"" CASCADE CONSTRAINTS;"
"DROP TABLE ""OLAPI_IFACE_OBJECT_HISTORY"" CASCADE CONSTRAINTS;"
"DROP TABLE ""OLAPI_IFACE_OP_HISTORY"" CASCADE CONSTRAINTS;"
"DROP TABLE ""OLAPI_MEMORY_OP_HISTORY"" CASCADE CONSTRAINTS;"
"DROP TABLE ""OLAPI_MEMORY_HEAP_HISTORY"" CASCADE CONSTRAINTS;"
"DROP TABLE ""AW$EXPRESS"" CASCADE CONSTRAINTS;"
"DROP TABLE ""AW$AWMD"" CASCADE CONSTRAINTS;"
"DROP TABLE ""AW$AWCREATE"" CASCADE CONSTRAINTS;"
"DROP TABLE ""CLIENT_"" CASCADE CONSTRAINTS;"
"DROP TABLE ""STOCK"" CASCADE CONSTRAINTS;"
"DROP TABLE ""STOCK_PARAMETER"" CASCADE CONSTRAINTS;"
"DROP TABLE ""STOCK_DECISION"" CASCADE CONSTRAINTS;"
"DROP TABLE ""CLIENT_PORTF"" CASCADE CONSTRAINTS;"
"DROP TABLE ""EVALUATION"" CASCADE CONSTRAINTS;"
"DROP TABLE ""STRATEGY_CATEGORY"" CASCADE CONSTRAINTS;"
"DROP TABLE ""CLIENT_STRAT"" CASCADE CONSTRAINTS;"
"DROP TABLE ""CATEGORY"" CASCADE CONSTRAINTS;"
"DROP TABLE ""CLIENT_CATEGORY"" CASCADE CONSTRAINTS;"
"DROP TABLE ""CLIENT_STOCK_MATCH"" CASCADE CONSTRAINTS;"
"DROP TABLE ""CLIENT_STOCK_PROPOSAL"" CASCADE CONSTRAINTS;"
"DROP TABLE ""PROPOSAL_STATUS"" CASCADE CONSTRAINTS;"
"DROP TABLE ""TRANS_HEADER"" CASCADE CONSTRAINTS;"
"DROP TABLE ""TRANS_DETAIL"" CASCADE CONSTRAINTS;"
"DROP TABLE ""TRANS_DELETION"" CASCADE CONSTRAINTS;"
"DROP TABLE ""PROFIT"" CASCADE CONSTRAINTS;"
"DROP TABLE ""STOCK_A"" CASCADE CONSTRAINTS;"
"DROP TABLE ""STOCK_B"" CASCADE CONSTRAINTS;"
"DROP TABLE ""TEST"" CASCADE CONSTRAINTS;"
"DROP TABLE ""ATEMPTAB$"" CASCADE CONSTRAINTS;"
"DROP TABLE ""SQLLOG$"" CASCADE CONSTRAINTS;"
"DROP TABLE ""SQLOBJ$"" CASCADE CONSTRAINTS;"
"DROP TABLE ""SQLOBJ$DATA"" CASCADE CONSTRAINTS;"
"DROP TABLE ""MAP_OBJECT"" CASCADE CONSTRAINTS;"
"DROP TABLE ""CLUSTER_DATABASES"" CASCADE CONSTRAINTS;"
"DROP TABLE ""CLUSTER_NODES"" CASCADE CONSTRAINTS;"
"DROP TABLE ""CLUSTER_INSTANCES"" CASCADE CONSTRAINTS;"
"DROP TABLE ""FINALHIST$"" CASCADE CONSTRAINTS;"
"DROP TABLE ""PSTUBTBL"" CASCADE CONSTRAINTS;"
"DROP TABLE ""WRI$_ADV_ASA_RECO_DATA"" CASCADE CONSTRAINTS;"
"DROP TABLE ""PLAN_TABLE$"" CASCADE CONSTRAINTS;"
"DROP TABLE ""CHNF$_QUERY_DELTAS"" CASCADE CONSTRAINTS;"
"DROP TABLE ""KU$NOEXP_TAB"" CASCADE CONSTRAINTS;"
"DROP TABLE ""KU$_LIST_FILTER_TEMP"" CASCADE CONSTRAINTS;"
"DROP TABLE ""KU$_LIST_FILTER_TEMP_2"" CASCADE CONSTRAINTS;"
"DROP TABLE ""WRI$_SQLSET_PLANS_TOCAP"" CASCADE CONSTRAINTS;"
"DROP TABLE ""WRI$_SQLSET_STS_TOPACK"" CASCADE CONSTRAINTS;"
"DROP TABLE ""WRH$_FILESTATXS"" CASCADE CONSTRAINTS;"
"DROP TABLE ""WRH$_SQLSTAT"" CASCADE CONSTRAINTS;"
"DROP TABLE ""WRH$_SYSTEM_EVENT"" CASCADE CONSTRAINTS;"
"DROP TABLE ""WRH$_WAITSTAT"" CASCADE CONSTRAINTS;"
"DROP TABLE ""WRH$_LATCH"" CASCADE CONSTRAINTS;"
"DROP TABLE ""WRH$_LATCH_CHILDREN"" CASCADE CONSTRAINTS;"
"DROP TABLE ""WRH$_LATCH_PARENT"" CASCADE CONSTRAINTS;"
"DROP TABLE ""WRH$_LATCH_MISSES_SUMMARY"" CASCADE CONSTRAINTS;"
"DROP TABLE ""WRH$_EVENT_HISTOGRAM"" CASCADE CONSTRAINTS;"
"DROP TABLE ""WRH$_DB_CACHE_ADVICE"" CASCADE CONSTRAINTS;"
"DROP TABLE ""WRH$_ROWCACHE_SUMMARY"" CASCADE CONSTRAINTS;"
"DROP TABLE ""WRH$_SGASTAT"" CASCADE CONSTRAINTS;"
"DROP TABLE ""WRH$_SYSSTAT"" CASCADE CONSTRAINTS;"
"DROP TABLE ""WRH$_SYS_TIME_MODEL"" CASCADE CONSTRAINTS;"
"DROP TABLE ""WRH$_OSSTAT"" CASCADE CONSTRAINTS;"
"DROP TABLE ""WRH$_PARAMETER"" CASCADE CONSTRAINTS;"
"DROP TABLE ""WRH$_SEG_STAT"" CASCADE CONSTRAINTS;"
"DROP TABLE ""WRH$_DLM_MISC"" CASCADE CONSTRAINTS;"
"DROP TABLE ""WRH$_INST_CACHE_TRANSFER"" CASCADE CONSTRAINTS;"
"DROP TABLE ""WRH$_ACTIVE_SESSION_HISTORY"" CASCADE CONSTRAINTS;"
"DROP TABLE ""WRH$_TABLESPACE_STAT"" CASCADE CONSTRAINTS;"
"DROP TABLE ""WRH$_SERVICE_STAT"" CASCADE CONSTRAINTS;"
"DROP TABLE ""WRH$_SERVICE_WAIT_CLASS"" CASCADE CONSTRAINTS;"
"DROP TABLE ""WRH$_INTERCONNECT_PINGS"" CASCADE CONSTRAINTS;"
"DROP TABLE ""WRR$_REPLAY_SCN_ORDER"" CASCADE CONSTRAINTS;"
"DROP TABLE ""WRR$_REPLAY_SEQ_DATA"" CASCADE CONSTRAINTS;"
"DROP TABLE ""WRR$_REPLAY_DATA"" CASCADE CONSTRAINTS;"
"DROP TABLE ""ODCI_SECOBJ$"" CASCADE CONSTRAINTS;"
"DROP TABLE ""ODCI_WARNINGS$"" CASCADE CONSTRAINTS;"
"DROP TABLE ""ODCI_PMO_ROWIDS$"" CASCADE CONSTRAINTS;"
"DROP TABLE ""TTS_TBS$"" CASCADE CONSTRAINTS;"
"DROP TABLE ""TTS_USR$"" CASCADE CONSTRAINTS;"
"DROP TABLE ""TTS_ERROR$"" CASCADE CONSTRAINTS;"
"DROP TABLE ""STREAMS$_APPLY_SPILL_MSGS_PART"" CASCADE CONSTRAINTS;"
"DROP TABLE ""STREAMS$_COMPONENT_IN"" CASCADE CONSTRAINTS;"
"DROP TABLE ""STREAMS$_COMPONENT_LINK_IN"" CASCADE CONSTRAINTS;"
"DROP TABLE ""STREAMS$_COMPONENT_PROP_IN"" CASCADE CONSTRAINTS;"
"DROP TABLE ""STREAMS$_COMPONENT_STAT_IN"" CASCADE CONSTRAINTS;"
"DROP TABLE ""STREAMS$_COMPONENT_EVENT_IN"" CASCADE CONSTRAINTS;"
"DROP TABLE ""STREAMS$_LOCAL_FINDINGS_IN"" CASCADE CONSTRAINTS;"
"DROP TABLE ""STREAMS$_LOCAL_RECS_IN"" CASCADE CONSTRAINTS;"
"DROP TABLE ""STREAMS$_LOCAL_ACTIONS_IN"" CASCADE CONSTRAINTS;"
"DROP TABLE ""STREAMS$_COMPONENT_STAT_OUT"" CASCADE CONSTRAINTS;"
"DROP TABLE ""STREAMS$_PATH_STAT_OUT"" CASCADE CONSTRAINTS;"
"DROP TABLE ""STREAMS$_PATH_BOTTLENECK_OUT"" CASCADE CONSTRAINTS;"
"DROP TABLE ""AQ$_SCHEDULER$_EVENT_QTAB_T"" CASCADE CONSTRAINTS;"
"DROP TABLE ""AQ$_SCHEDULER$_EVENT_QTAB_H"" CASCADE CONSTRAINTS;"
"DROP TABLE ""AQ$_SCHEDULER$_EVENT_QTAB_I"" CASCADE CONSTRAINTS;"
"DROP TABLE ""AQ$_SCHEDULER$_REMDB_JOBQTAB_T"" CASCADE CONSTRAINTS;"
"DROP TABLE ""AQ$_SCHEDULER$_REMDB_JOBQTAB_H"" CASCADE CONSTRAINTS;"
"DROP TABLE ""AQ$_SCHEDULER$_REMDB_JOBQTAB_I"" CASCADE CONSTRAINTS;"
"DROP TABLE ""AQ$_SCHEDULER_FILEWATCHER_QT_T"" CASCADE CONSTRAINTS;"
"DROP TABLE ""AQ$_SCHEDULER_FILEWATCHER_QT_H"" CASCADE CONSTRAINTS;"
"DROP TABLE ""AQ$_SCHEDULER_FILEWATCHER_QT_I"" CASCADE CONSTRAINTS;"
"DROP TABLE ""AQ$_ALERT_QT_T"" CASCADE CONSTRAINTS;"
"DROP TABLE ""AQ$_ALERT_QT_H"" CASCADE CONSTRAINTS;"
"DROP TABLE ""AQ$_ALERT_QT_I"" CASCADE CONSTRAINTS;"
"DROP TABLE ""AQ$_AQ$_MEM_MC_T"" CASCADE CONSTRAINTS;"
"DROP TABLE ""AQ$_AQ$_MEM_MC_H"" CASCADE CONSTRAINTS;"
"DROP TABLE ""AQ$_AQ$_MEM_MC_I"" CASCADE CONSTRAINTS;"
"DROP TABLE ""AQ$_AQ_PROP_TABLE_T"" CASCADE CONSTRAINTS;"
"DROP TABLE ""AQ$_AQ_PROP_TABLE_H"" CASCADE CONSTRAINTS;"
"DROP TABLE ""AQ$_AQ_PROP_TABLE_I"" CASCADE CONSTRAINTS;"
"DROP TABLE ""IMPDP_STATS"" CASCADE CONSTRAINTS;"
"DROP TABLE ""KU$_DATAPUMP_MASTER_11_2"" CASCADE CONSTRAINTS;"
"DROP TABLE ""KU$_DATAPUMP_MASTER_11_1_0_7"" CASCADE CONSTRAINTS;"
"DROP TABLE ""KU$_DATAPUMP_MASTER_11_1"" CASCADE CONSTRAINTS;"
"DROP TABLE ""KU$_DATAPUMP_MASTER_10_1"" CASCADE CONSTRAINTS;"
"DROP TABLE ""AQ$_KUPC$DATAPUMP_QUETAB_T"" CASCADE CONSTRAINTS;"
"DROP TABLE ""AQ$_KUPC$DATAPUMP_QUETAB_H"" CASCADE CONSTRAINTS;"
"DROP TABLE ""AQ$_KUPC$DATAPUMP_QUETAB_I"" CASCADE CONSTRAINTS;"
"DROP TABLE ""AQ$_SYS$SERVICE_METRICS_TAB_T"" CASCADE CONSTRAINTS;"
"DROP TABLE ""AQ$_SYS$SERVICE_METRICS_TAB_H"" CASCADE CONSTRAINTS;"
"DROP TABLE ""AQ$_SYS$SERVICE_METRICS_TAB_I"" CASCADE CONSTRAINTS;"
"DROP TABLE ""OLAPTABLEVELS"" CASCADE CONSTRAINTS;"
"DROP TABLE ""OLAPTABLEVELTUPLES"" CASCADE CONSTRAINTS;"
"DROP TABLE ""SAM_SPARSITY_ADVICE"" CASCADE CONSTRAINTS;"
"DROP TABLE ""WRI$_ADV_OBJSPACE_TREND_DATA"" CASCADE CONSTRAINTS;"
"DROP TABLE ""WRI$_ADV_OBJSPACE_CHROW_DATA"" CASCADE CONSTRAINTS;"
"DROP TABLE ""AQ$_SYS$SERVICE_METRICS_TAB_G"" CASCADE CONSTRAINTS;"
"DROP TABLE ""AQ$_KUPC$DATAPUMP_QUETAB_G"" CASCADE CONSTRAINTS;"
"DROP TABLE ""AQ$_AQ_PROP_TABLE_G"" CASCADE CONSTRAINTS;"
"DROP TABLE ""AQ$_AQ$_MEM_MC_G"" CASCADE CONSTRAINTS;"
"DROP TABLE ""AQ$_ALERT_QT_G"" CASCADE CONSTRAINTS;"
"DROP TABLE ""AQ$_SCHEDULER_FILEWATCHER_QT_G"" CASCADE CONSTRAINTS;"
"DROP TABLE ""AQ$_SCHEDULER$_REMDB_JOBQTAB_G"" CASCADE CONSTRAINTS;"
"DROP TABLE ""AQ$_SCHEDULER$_EVENT_QTAB_G"" CASCADE CONSTRAINTS;"
"DROP TABLE ""RECENT_RESOURCE_INCARNATIONS$"" CASCADE CONSTRAINTS;"
"DROP TABLE ""CHNF$_GROUP_FILTER_IOT"" CASCADE CONSTRAINTS;"
"DROP TABLE ""CHNF$_CLAUSES"" CASCADE CONSTRAINTS;"
"DROP TABLE ""RULE_SET_ROP$"" CASCADE CONSTRAINTS;"
"DROP TABLE ""RULE_SET_IOT$"" CASCADE CONSTRAINTS;"
"DROP TABLE ""RULE_SET_PR$"" CASCADE CONSTRAINTS;"
"DROP TABLE ""UTL_RECOMP_COMPILED"" CASCADE CONSTRAINTS;"
"DROP TABLE ""UTL_RECOMP_SORTED"" CASCADE CONSTRAINTS;"
